Protein.Group	Protein.Ids	Protein.Names	Genes	First.Protein.Description	\\172.16.13.136\share\members\Dongzhen\ProteomEx2_benchmark\Minute_sample_amount\N20220901dongzhen_InTip_10cells_DIA_No1_Slot2-28_1_15080.d	\\172.16.13.136\share\members\Dongzhen\ProteomEx2_benchmark\Minute_sample_amount\N20220901dongzhen_InTip_10cells_DIA_No2_Slot2-29_1_15082.d	\\172.16.13.136\share\members\Dongzhen\ProteomEx2_benchmark\Minute_sample_amount\N20220901dongzhen_InTip_10cells_DIA_No3_Slot2-30_1_15085.d	\\172.16.13.136\share\members\Dongzhen\ProteomEx2_benchmark\Minute_sample_amount\N20220901dongzhen_InTip_10cells_DIA_No4_Slot2-31_1_15088.d	\\172.16.13.136\share\members\Dongzhen\ProteomEx2_benchmark\Minute_sample_amount\N20220901dongzhen_InTip_10cells_DIA_No5_Slot2-32_1_15091.d	\\172.16.13.136\share\members\Dongzhen\ProteomEx2_benchmark\Minute_sample_amount\N20220901dongzhen_InTip_10cells_DIA_No6_Slot2-33_1_15094.d
A2BIM8	A2BIM8		Mup18		1796.17	1409.71	1820.92	1362.64	1902.85	1434.67
B7ZMP1	B7ZMP1		Xpnpep3			258.387				
E9Q557	E9Q557		Dsp		690.176	1240.11	421.029	1076.7	1314.49	799.103
G3X982	G3X982		Aox3		263.251	345.413	431.368	210.162	191.112	514.534
O08529	O08529		Capn2		112.304	137.675		434.854	302.665	
O08547	O08547		Sec22b		54.9904					
O08553	O08553		Dpysl2		61.4308					
O08601	O08601		Mttp		720.468	1032.08	724.148	695.987	328.17	474.243
O08709	O08709		Prdx6		1728.84	1156.01	1630.81	1376.54	939.798	1236.1
O08749	O08749		Dld		120.762	317.107	256.886		155.341	
O08756	O08756		Hsd17b10		1112.11	1014.14	961.106	217.37	764.742	304.832
O09173	O09173		Hgd		633.057	936.416	836.217	839.65	461.324	755.006
O35129	O35129		Phb2		225.564	159.62	389.997		412.583	
O35215	O35215		Ddt		656.804	661.814	662.481	617.591	322.94	700.551
O35381	O35381		Anp32a		25320.5	42700.8	5911.87	412294	12932.4	21292.6
O35459	O35459		Ech1		56.151	147.649		364.3		
O35488	O35488		Slc27a2		444.703	296.959	582.35	160.35	730.641	
O35490	O35490		Bhmt		4089.03	3521.83	4315.03	3471.62	3547.24	3685.9
O35945	O35945		Aldh1a7		307.633	392.38	403.02		198.766	
O35969	O35969		Gamt		184.444		196.294			
O54734	O54734		Ddost		253.447			654.116	291.862	
O55022	O55022		Pgrmc1		725.309	1077.3	1029.72	1154.6	1128.96	
O55060	O55060		Tpmt		158.378	160.62				
O55125	O55125		Nipsnap1		550.49	839.593	1193.77	1460.23	1312.97	1060.85
O55126	O55126		Nipsnap2		296.119	175.588	250.005			
O55128	O55128		Sap18		289.878	238.438	202.221			
O70133	O70133		Dhx9		58.5511			175.79		
O70435	O70435		Psma3		106.545	101.759	105.556			
O70475	O70475		Ugdh		179.035	178.912				
O88451	O88451		Rdh7		450.199	341.013	562.94	675.587		
O88533	O88533		Ddc		144.939	72.8279		193.138	131.005	
O88569	O88569		Hnrnpa2b1		506.239	492.688	703.134	682.623	986.362	798.725
O88587	O88587		Comt		952.181	771.671	548.294	564.66		
O88685	O88685		Psmc3		69.5901		115.555	61.2957		
O88844	O88844		Idh1		1458.26	873.53	913.498	923.477	874.366	
O88986	O88986		Gcat		189.099	142.813	257.676			
P00186	P00186		Cyp1a2		274.226	133.22	201.6	774.978	408.831	
P00329	P00329		Adh1		3509.55	3183.61	3341.24	2829.25	3619.76	2657.82
P00375	P00375		Dhfr		229.408	76.8186	182.223			
P00405	P00405		Mtco2		376.604	320.951	441.424	359.108		
P01027	P01027		C3		77.5439	272.451				
P01942	P01942		Hba		1153.97	1356.75	1906.77	1623.21	1788.06	1078.89
P02088	P02088		Hbb-b1		2355.25	3378.5	3442.53	3040.04	2264.06	3734.92
P02301	P02301		H3f3c		1167.84	1237.79	3557.95	2148.27	2896.28	5117.29
P03921	P03921		Mtnd5		97.4248	51.8768	82.2229	170.008		
P04939	P04939		Mup3		419.736	523.378	460.313	636.548	290.449	
P05201	P05201		Got1		184.462	268.96	132.332	259.828		
P05202	P05202		Got2		325.967		87.7286		219.77	
P06151	P06151		Ldha		835.555	954.153	925.762	884.249	771.324	887.577
P06801	P06801		Me1		207.612	192.206	68.3159			
P07309	P07309		Ttr		332.237	340.406	271.461			
P07356	P07356		Anxa2		557.149	623.544	245.481	1221.11	979.644	976.211
P07759	P07759		Serpina3k		166.571	178.698	121.103			
P08113	P08113		Hsp90b1		1026.4	981.064	1111.64	1396.69	1627.2	2183.2
P08228	P08228		Sod1		405.904	557.245	435.42	685.243	425.175	
P08249	P08249		Mdh2		537.627	386.454	383.438	444.716	358.377	
P09103	P09103		P4hb		682.751	591.565	594.966	715.508	748.219	585.188
P09405	P09405		Ncl		179.689	216.383			512.196	207.281
P09411	P09411		Pgk1		405.631	522.623	529.784	909.043	730.093	
P09671	P09671		Sod2		647.872	712.357	558.533	413.919	635.27	366.393
P10107	P10107		Anxa1		185.315	2288.26	582.319	774.404	1068.41	826.113
P10126	P10126		Eef1a1		8447.74	7504.55	9240.16	9624.16	7559.49	5666.29
P10518	P10518		Alad		238.045	170.597	157.778	142.253		
P10605	P10605		Ctsb		186.695	362.145	121.114	267.159	435.178	
P10649	P10649		Gstm1		5101.91	5012.83	6509.08	5681.06	4783.94	3781.14
P10853	P10853		Hist1h2bf		4073.16	5467.71	7376.98	5917.54	7679	7471.47
P11276	P11276		Fn1		251.8	286.654	454.846	403.29	712.791	288.391
P11352	P11352		Gpx1		135.821					
P11438	P11438		Lamp1		46.5531			149.192		
P11499	P11499		Hsp90ab1		570.387	792.759	616.558	801.186	659.249	581.591
P11589	P11589		Mup2		173.8	165.072	120.341		140.423	
P11679	P11679		Krt8		36528.5	24542.7	8339.72	25884.8	11846.7	17031.9
P11714	P11714		Cyp2d9		154.415	265.056	152.745	257.648		
P11725	P11725		Otc		954.543	960.199	979.37	636.606	1092.85	729.767
P11983	P11983		Tcp1		246.285	232.912	119.027	224.366		
P12710	P12710		Fabp1		6099.61	5252.84	8499.9	7039.97	7849.39	9616.9
P12787	P12787		Cox5a		272.329	224.04	290.359		445.888	
P13516	P13516		Scd1		114.703					
P13707	P13707		Gpd1		462.597	572.722	473.226	374.777	433.418	522.529
P14148	P14148		Rpl7		695.718	701.8	2194.66	1768.26	1759.83	2314.62
P14152	P14152		Mdh1		766.236	810.736	830.948	860.302	637.382	407.574
P14206	P14206		Rpsa		503.391	311.71	618.998	440.43	649.064	
P14211	P14211		Calr		675.945	454.348	419.13	360.76	247.252	168.22
P14824	P14824		Anxa6		266.092	146.313		163.218		
P14869	P14869		Rplp0		705.077	800.53	591.529	481.667	602.859	438.795
P15105	P15105		Glul		341.408	594.951	434.98			
P15532	P15532		Nme1		234.334	328.143	269.857			
P15626	P15626		Gstm2		157.414					
P16015	P16015		Ca3		7224.29	6226.03	6670.84	5075.63	5610.19	3200.28
P16331	P16331		Pah		510.064	697.355	454.428		738.749	
P16460	P16460		Ass1		6000.44	4474.77	5410.27	3623.27	3590.78	2402.71
P16858	P16858		Gapdh		2639.28	2289.42	2821.7	2376.88	2759.13	1379.79
P17182	P17182		Eno1		3074.55	3729.54	3131.36	3209.2	3711.24	3067.74
P17225	P17225		Ptbp1		324.995	248.043	310.573	239.525	639.568	
P17563	P17563		Selenbp1		179.214	272.543	308.202	265.052		
P17717	P17717		Ugt2b17		683.331	931.66	859.9	710.468	692.478	613.137
P17742	P17742		Ppia		2134.07	1423.64	1516.68	957.601	829.698	531.724
P17751	P17751		Tpi1		413.693	357.079	446.25	265.786	413.567	
P19096	P19096		Fasn		542.462	683.623	672.678	701.677	603.096	
P19157	P19157		Gstp1		8883.41	6606.6	7305.41	6613.55	4893.63	5867.74
P20029	P20029		Hspa5		610.941	795.394	957.895	495.504	1133.32	681.506
P20108	P20108		Prdx3		502.486	344.575	507.485	276.098		
P20152	P20152		Vim		448.271	589.45	863.965	1231.27	2089.84	1662.38
P23492	P23492		Pnp		253.402					
P23927	P23927		Cryab		53.7521					
P24270	P24270		Cat		2310.38	2542.15	3146.1	3561.52	2561.11	2675.83
P24369	P24369		Ppib		1022.06	772.659	516.577	477.929	726.464	
P24456	P24456		Cyp2d10		186.212	299.291	237.777	181.572		
P24549	P24549		Aldh1a1		1671.61	1320.28	1805.1	1715.02	2075.84	2322.63
P25444	P25444		Rps2		362.723	461.908	707.451	845.002	1121.08	1439.47
P25688	P25688		Uox		1108.44	1004.12	917.811	1124.3	685.274	777.903
P25911	P25911		Lyn		97.4255					
P26039	P26039		Tln1		275.479		152.223	257.904	298.152	
P26041	P26041		Msn		336.874	625.041	588.067	977.955	544.956	610.5
P26043	P26043		Rdx		374.109	366.972	535.11	526.328	737.339	785.033
P26443	P26443		Glud1		968.06	1170	805.649	843.565	848.04	1133.31
P26516	P26516		Psmd7		65.2708	26.9361				
P27659	P27659		Rpl3		409.552	631.221	920.353	602.105	1119.69	1517.91
P27773	P27773		Pdia3		336.998	504.844	489.361	341.151	654.512	
P28271	P28271		Aco1		242.85	223.726	180.213	189.53	363.411	
P28474	P28474		Adh5		215.698	252.301	391.774	180.494		
P28661	P28661		Sept4					331.068		
P28665	P28665		Mug1		146.434	166.402	290.427	483.433	413.5	
P29758	P29758		Oat		387.832	457.808	410.004	540.1	257.495	
P30115	P30115		Gsta3		3042.28	5025.02	4802.06	3491.55	4615.23	4449.28
P31786	P31786		Dbi		990.747	875.233	791.77	642.664	479.715	666.001
P32020	P32020		Scp2		974.816	1162.05	996.591	996.682	808.375	1782.85
P32067	P32067		Ssb		104.144	199.527				
P33267	P33267		Cyp2f2		667.679	672.919	1069.22	746.173	528.693	249.412
P34914	P34914		Ephx2		650.262	311.614	457.599	389.904	567.367	414.295
P35492	P35492		Hal		200.625	229.144	269.473	131.533	156.148	
P35505	P35505		Fah		1230.62	1191.26	1125.42	964.878	1261.87	1007.03
P35576	P35576		G6pc		165.096		214.448			
P35700	P35700		Prdx1		688.675	952.332	610.656	777.734	484.811	647.296
P35980	P35980		Rpl18		114.643		190.705	214.855	489.94	689.424
P37040	P37040		Por		253.001	395.429	189.449	207.204	223.362	
P38060	P38060		Hmgcl		442.013	519.767	248.887	193.139	433.667	
P38647	P38647		Hspa9		203.653	150.842	183.608	323.207		
P40142	P40142		Tkt		257.971	375.822	387.861	460.303	410.565	
P40936	P40936		Inmt		172.104	327.012	310.95	415.864		
P41216	P41216		Acsl1		713.953	762.756	794.5	702.157	449.706	385.759
P43274	P43274		Hist1h1e		832.044	567.898	1855.8	1048.16	1582.46	2135.71
P45591	P45591		Cfl2		91.1853	215.487	199.997		132.508	
P45878	P45878		Fkbp2		327.312	316.253	142.222		665.565	
P45952	P45952		Acadm		199.074	225.526	225.337	269.467		
P46664	P46664		Adss		67.6711				277.069	
P47199	P47199		Cryz		140.619	218.485	271.114	114.497	540.583	
P47738	P47738		Aldh2		754.935	764.452	695.237	664.648	824.726	490.985
P47911	P47911		Rpl6		221.599	456.361	705.736	600.799		757.363
P47955	P47955		Rplp1		264.44	124.705	212.222			
P47963	P47963		Rpl13		941.752	812.504	1750.01		2464.98	2099.82
P48036	P48036		Anxa5		133.42		55.5565	227.832		
P48678	P48678		Lmna		642.495	632.92	479.192		64.5812	
P48758	P48758		Cbr1		75.8289	205.039	189.36			
P49312	P49312		Hnrnpa1		378.477	428.009	545.256	554.694	631.999	
P49429	P49429		Hpd		77.7488	294.302		202.391		
P49722	P49722		Psma2		475.613	259.388	334.45	233.62		
P50172	P50172		Hsd11b1		420.317	274.345	365.028		234.889	
P50247	P50247		Ahcy		1557.39	1394.01	2437.89	2162.11	2311.2	2077.68
P50431	P50431		Shmt1		448.029	337.065	266.775	378.012		255.345
P50543	P50543		S100a11		183.334	202.522	408.889	328.452		
P50544	P50544		Acadvl		378.704	423.739	294.935	497.213	658.904	
P51410	P51410		Rpl9		200.831		400.861		362.236	
P51658	P51658		Hsd17b2		62.8069					
P51660	P51660		Hsd17b4		77.6094	162.328	172.533		406	
P51881	P51881		Slc25a5		633.768	717.048	576.732	636.836	688.982	473.001
P52196	P52196		Tst		205.408		208.888		326.756	
P52430	P52430		Pon1		259.514	275.517	335.916		154.16	
P52480	P52480		Pkm		281.726	374.171	740.437	679.14	259.517	947.22
P52760	P52760		Rida		2102.38	1036.85	1543.4	1332.09	1016.95	905.409
P52825	P52825		Cpt2		109.164	160.372		119.949		
P53395	P53395		Dbt		203.666	232.573	200.528	237.875	461.814	
P53657	P53657		Pklr		334.919	497.249	275.009	209.428		
P53808	P53808		Pctp		157.937					
P54726	P54726		Rad23a		61.4313	159.624		680.036		
P54728	P54728		Rad23b		122.714	249.672	160.374		426.143	
P54775	P54775		Psmc4		198.692	277.345		344.646		
P54869	P54869		Hmgcs2		1513.17	1364.16	1372.94	1283.65	870.917	1060.85
P55096	P55096		Abcd3		322.312	358.18	344.062	315.012	455.031	384.3
P55258	P55258		Rab8a		58.0718					
P55264	P55264		Adk		530.943	614	562.71	614.698	799.869	514.195
P56135	P56135		Atp5j2		362.61	240.313	496.013			
P56480	P56480		Atp5f1b		1284.31	1228.99	1319.59	967.69	1220.2	736.818
P56565	P56565		S100a1		59.9909				221.352	
P57780	P57780		Actn4		333.443	413.057	613.491	516.217	733.925	527.377
P58252	P58252		Eef2		712.042	461.346	652.857	1087.96	966.641	982.203
P58710	P58710		Gulo		368.105		171.111	360.831	103.899	
P59708	P59708		Sf3b6			151.884	51.559			
P60766	P60766		Cdc42		130.352	240.597	102.442		244.096	
P60843	P60843		Eif4a1		710.734	752.01	552.193	580.48	870.131	569.679
P61027	P61027		Rab10		134.859	156.628	177.778	174.633	246.95	
P61161	P61161		Actr2		404.198	349.366	564.839			
P61222	P61222		Abce1		225.42	179.577	168.023	244.028		
P61922	P61922		Abat		146.675	253.652	198.342	273.997		
P61924	P61924		Copz1		132.939	333.212	156.667	114.495	430.656	
P61979	P61979		Hnrnpk		294.673	227.458	333.331		161.118	
P61982	P61982		Ywhag		204.835	286.32	259.997		314.707	
P62082	P62082		Rps7		312.936	269.433	220.809	453.506	336.472	
P62242	P62242		Rps8		98.4165	137.396	151.956	150.516		
P62245	P62245		Rps15a		134.246		354.902			
P62259	P62259		Ywhae		172.016	357.833	291.306	299.807	442.068	249.599
P62270	P62270		Rps18		428.212	359.795	586.397	522.776		
P62274	P62274		Rps29		163.54					
P62702	P62702		Rps4x		273.561		280.003			
P62751	P62751		Rpl23a		194.402	418.112	276.371	441.202	270.157	
P62806	P62806		Hist1h4a		6033.45	9444.29	8305.92	7898.24	8718.7	7917.58
P62821	P62821		Rab1A		279.438	355.812	354.002	322.706		760.041
P62830	P62830		Rpl23		216.051		193.874	255.594		
P62835	P62835		Rap1a		118.589	112.26	150.593	334.128	256.177	
P62843	P62843		Rps15		460.007	813.842	626.717	293.67	886.665	
P62849	P62849		Rps24		206.756	347.877	219.967	207.265	460.707	
P62858	P62858		Rps28		289.434	220.089	263.698			
P62897	P62897		Cycs		90.2275					
P62900	P62900		Rpl31		671.631	540.681	1205.42	1062.78	992.096	1372.84
P62908	P62908		Rps3		181.372	179.258				
P62962	P62962		Pfn1		310.738	662.433	357.343	482.422		456.62
P62983	P62983		Rps27a		1649.97	2441.82	1625.6	3777.86	2665.74	3781.01
P63017	P63017		Hspa8		462.605	636.739	711.98	813.895	979.609	841.492
P63038	P63038		Hspd1		1083.68	1270.78	1190.5	1058.51	820.276	655.895
P63101	P63101		Ywhaz		155.017	108.744	267.78			
P63325	P63325		Rps10		157.206	441.887	362.823	318.775	308.439	453.178
P67778	P67778		Phb		269.723	191.434	313.756	433.191	573.591	
P68134	P68134		Acta1		444.445	665.362	855.269	684.945	764.741	974.619
P68372	P68372		Tubb4b		946.994	828.59	1186.35	1103.11	1196.53	1014.5
P68373	P68373		Tuba1c		2666.47	2872.88	3531.15	2935.7	3350.26	2457.33
P70195	P70195		Psmb7		148.182	180.604	174.327		286.228	
P70333	P70333		Hnrnph2		174.317	195.941	320.46	250.479	308.322	416.068
P70694	P70694		Akr1c6		844.685	1198.62	1038.8	1079.25	1211.27	722.214
P80314	P80314		Cct2		235.309	163.053	366.725	193.002	257.284	282.149
P80316	P80316		Cct5		215.488	200.527	75.5562			
P80317	P80317		Cct6a		167.388	113.058	160.405	496.805		
P84078	P84078		Arf1		195.217	885.864	186.802	567.699		
P85094	P85094		Isoc2a		298.039	125.703	193.335			
P97328	P97328		Khk		310.463	312.81	588.892			383.012
P97351	P97351		Rps3a		353.476	383.419	358.162	660.102	698.691	476.15
P97371	P97371		Psme1		215.967	127.697	171.11	272.937		
P97493	P97493		Txn2		174.212					
P97494	P97494		Gclc			180.159				
P97807	P97807		Fh		174.182	141.988	295.782	346.315	371.722	
P97823	P97823		Lypla1		132.94	382.099	233.333	115.652	370.426	313.929
P97872	P97872		Fmo5		227.659	360.158	376.883			
P99024	P99024		Tubb5		299.478	206.511	315.561			
P99025	P99025		Gchfr		99.4633	242.172				
P99026	P99026		Psmb4		437.219	466.896	400.006	556.294		
P99027	P99027		Rplp2		385.757	249.412				
P99029	P99029		Prdx5		579.659	657.436	500.974	491.514	337.293	647.367
Q00612	Q00612		G6pdx		2058.35	8308.85	34304.5	4410.86	5777.05	2349.15
Q00897	Q00897		Serpina1d		123.34		119.999	127.216		
Q00898	Q00898		Serpina1e		112.302	133.683	147.776			
Q01279	Q01279		Egfr		160.296		250.003			
Q01768	Q01768		Nme2		330.609	288.595	237.328	190.449	279.843	
Q01853	Q01853		Vcp		305.731	425.318	468.962	292.6	359.495	437.18
Q02257	Q02257		Jup		638.938	771.781	566.94	992.799	693.042	832.091
Q02788	Q02788		Col6a2		514.589	635.574	868.888	708.909	1208.84	
Q03265	Q03265		Atp5f1a		3117	3237.39	3275.45	3462.32	2933.7	2661.91
Q05421	Q05421		Cyp2e1		118.062	241.429		296.069	313.206	
Q05920	Q05920		Pc		701.663	615.006	741.103	728.882	795.545	734.628
Q06185	Q06185		Atp5me		255.464	379.568	437.506			
Q08093	Q08093		Cnn2		130.541			176.948		
Q283N4	Q283N4		Urad		90.7072					
Q3UEG6	Q3UEG6		Agxt2		213.441		197.786			
Q3UGC7	Q3UGC7		Eif3j1		130.061	100.762		50.8867		
Q3UPH1	Q3UPH1		Prrc1		233.243				246.951	
Q3UQ44	Q3UQ44		Iqgap2		144.206	149.767	194.478	211.014		
Q3UV17	Q3UV17		Krt76		148612	135876	26351.1	198663	50426	92587.4
Q4LDG0	Q4LDG0		Slc27a5		161.236	157.755	198.758	270.06	153.01	
Q505D1	Q505D1		Ankrd28		881.631	774.173	942.233	604.868		
Q571F8	Q571F8		Gls2		198.213		151.111			
Q5FW60	Q5FW60		Mup20		422.483	308.713	386.656	285.284	270.058	393.286
Q5SWU9	Q5SWU9		Acaca		124.097		224.97			4638.67
Q5XJY5	Q5XJY5		Arcn1		109.65	258.933				
Q60597	Q60597		Ogdh		158.378	119.718	123.336			
Q60668	Q60668		Hnrnpd		258.208	286.66			394.522	
Q60692	Q60692		Psmb6		92.6168	88.7899				
Q60759	Q60759		Gcdh		401.057	285.826	320.641	544.522	514.646	
Q60932	Q60932		Vdac1		113.597	223.391				
Q60936	Q60936		Coq8a		146.38		145.559	245.185		
Q61171	Q61171		Prdx2		1260.47	782.63	713.852	1416.63	786.027	2158.35
Q61176	Q61176		Arg1		1317.32	1233.06	1233.14	1331.3	1072.79	1073.09
Q61207	Q61207		Psap		145.899	27.9342				
Q61233	Q61233		Lcp1		110.287	390.498		119.203	333.656	
Q61316	Q61316		Hspa4		93.5869		163.337			
Q61425	Q61425		Hadh		486.722	554.066	421.14	390.678	403.634	
Q61598	Q61598		Gdi2		155.018		144.445			324.442
Q62082	Q62082		Myl10		36.4752	188.12	62.2948		143.052	
Q62167	Q62167		Ddx3x		157.895	250.406		402.468		
Q62425	Q62425		Ndufa4		334.099	341.74	360.522	314.221	403.297	
Q63836	Q63836		Selenbp2		3235.77	2963.91	2656.31	2263.31	1920.06	1515.4
Q63880	Q63880		Ces3a		1614.25	1783.98	1575.99	1764.71	1468.06	1561.55
Q63886	Q63886		Ugt1a1		235.655	180.984	319.364	335.876		
Q64310	Q64310		Surf4		68.631		58.8896			
Q64374	Q64374		Rgn		1833.93	1937.56	2025.84	1956.45	1690.09	2571.38
Q64433	Q64433		Hspe1		348.119	344.967	396.708		563.205	231.312
Q64442	Q64442		Sord		643.631	522.701	455.435	400.579	584.029	309.82
Q64459	Q64459		Cyp3a11		115.661	128.397			278.569	
Q64516	Q64516		Gk		289.683	175.178	317.127	194.294		
Q64523	Q64523		Hist2h2ac		15082.1	19932.7	21757.2	15574.6	23013.5	26722.8
Q64727	Q64727		Vcl		258.682		413.339	138.785	542.095	
Q68FD5	Q68FD5		Cltc		273.132	246.248	263.75	493.63	625.359	769.794
Q6DFW4	Q6DFW4		Nop58		88.7873					
Q6NZJ6	Q6NZJ6		Eif4g1		127.66					
Q6P3A8	Q6P3A8		Bckdhb		124.782	132.687	203.337	307.636		
Q6P5E4	Q6P5E4		Uggt1		138.477	174.586				
Q6PB66	Q6PB66		Lrpprc		70.5504					
Q6WVG3	Q6WVG3		Kctd12		177.573	251.404	253.334	105.243	307.182	
Q78JT3	Q78JT3		Haao		679.164	672.035	642.612		313.135	
Q78PY7	Q78PY7		Snd1		134.496	358.978				
Q7TMK9	Q7TMK9		Syncrip		330.188		203.333	277.563		
Q7TMM9	Q7TMM9		Tubb2a		208.915	234.267				
Q7TNG8	Q7TNG8		Ldhd		113.474	257.558	134.377		347.824	
Q80TE0	Q80TE0		Rpap1		4760.1	8580.75	919.879	6225.09	886.788	2877.88
Q80W21	Q80W21		Gstm7		168.936	179.575	213.336			
Q80XN0	Q80XN0		Bdh1		1061.26	2397.38	1554.43	1150.36	1321.04	
Q8BFR5	Q8BFR5		Tufm		366.997	450.901	468.375	614.074	515.126	426.696
Q8BGC4	Q8BGC4		Zadh2		78.7088	207.512				193.766
Q8BGQ7	Q8BGQ7		Aars		395.34	262.841	233.488	215.827		
Q8BH00	Q8BH00		Aldh8a1		156.022	203.772	308.201	282.441	282.494	
Q8BH95	Q8BH95		Echs1		203.638	405.266	174.392	295.284	157.212	
Q8BHN3	Q8BHN3		Ganab		113.015	308.552		109.681		
Q8BMF4	Q8BMF4		Dlat		201.493					
Q8BMS1	Q8BMS1		Hadha		681.003	883.764	705.065	702.414	1024.81	557.544
Q8BRF7	Q8BRF7		Scfd1		96.9471					
Q8BTM8	Q8BTM8		Flna		138.218	170.594		333.075	121.969	
Q8BW75	Q8BW75		Maob		311.907	293.352		295.64		
Q8BWP5	Q8BWP5		Ttpa		386.519	217.105	271.6			
Q8BWQ1	Q8BWQ1		Ugt2a3		134.633	186.18	171.102		394.496	
Q8BWT1	Q8BWT1		Acaa2		757.817	728.506	788.141	648.735	982.216	
Q8C196	Q8C196		Cps1		6061.41	5730.17	5761.14	5582.51	4566.47	3636.15
Q8C5H8	Q8C5H8		Nadk2			129.694	99.8488			
Q8CAQ8	Q8CAQ8		Immt		183.814	141.666	104.444		319.23	
Q8CAY6	Q8CAY6		Acat2		129.637					
Q8CGC7	Q8CGC7		Eprs		239.136	478.099	139.11	256.477		
Q8CGK3	Q8CGK3		Lonp1		162.077	167.221		203.158		
Q8CHT0	Q8CHT0		Aldh4a1		327.993	482.607	438.124	986.169	366.45	
Q8CIM7	Q8CIM7		Cyp2d26		95.2755					
Q8JZN5	Q8JZN5		Acad9		159.815	164.61				
Q8JZR0	Q8JZR0		Acsl5		206.558	227.734	238.536	126.077		
Q8JZZ0	Q8JZZ0		Ugt3a2		88.47					
Q8K157	Q8K157		Galm		272.141	168.994	181.17	456.77	577.693	355.92
Q8K183	Q8K183		Pdxk		94.0657					
Q8K2B3	Q8K2B3		Sdha		536.41	323.775	589.671	509.57	394.676	282.226
Q8K3J1	Q8K3J1		Ndufs8		131.814	196.93				
Q8QZR3	Q8QZR3		Ces2a		377.528	614.008	586.655	508.145	229.223	521.491
Q8QZS1	Q8QZS1		Hibch		146.405	128.5	132.368			
Q8QZT1	Q8QZT1		Acat1		298.688	184.557	162.738	343.679		
Q8R086	Q8R086		Suox		282.2	90.7853	138.889	188.511		
Q8R0F9	Q8R0F9		Sec14l4		196.694	305.246	219.169	191.961		
Q8R0W0	Q8R0W0		Eppk1		101.824	107.743				
Q8R0Y6	Q8R0Y6		Aldh1l1		760.362	768.463	635.531	1026.45	766.919	825.813
Q8R146	Q8R146		Apeh		93.5167			173.636	57.2217	
Q8R164	Q8R164		Bphl		194.386	393.988	154.354	156.68		
Q8R1F1	Q8R1F1		Fam129b			173.752				
Q8R1G2	Q8R1G2		Cmbl		922.425	934.801	663.346	759.842	709.235	345.471
Q8R1I1	Q8R1I1		Uqcr10		134.861				268.034	
Q8R1M2	Q8R1M2		H2afj			2112.3				
Q8R3R8	Q8R3R8		Gabarapl1		100.306		192.225	304.165		
Q8R404	Q8R404		Mic13		169.897	195.541				
Q8R4N0	Q8R4N0		Clybl		88.3077	110.738				
Q8VC12	Q8VC12		Uroc1		316.424	500.609	359.119	366.371	503.864	
Q8VC30	Q8VC30		Tkfc		308.651	311.009	324.93		456.979	
Q8VCH0	Q8VCH0		Acaa1b		346.469	318.511	160.141		318.151	
Q8VCH8	Q8VCH8		Ubxn4		578.799	842.01	563.338	769.09		675.922
Q8VCN5	Q8VCN5		Cth		501.922	460.352	624.906	415.455	539.127	300.516
Q8VCR2	Q8VCR2		Hsd17b13		243.327	442.955	168.889			
Q8VCR7	Q8VCR7		Abhd14b		224.052	363.749		270.006	445.68	
Q8VCT4	Q8VCT4		Ces1d		388.598	432.265	532.447	1280.84	242.083	
Q8VCU1	Q8VCU1		Ces3b		287.577		379.371	402.063	413.113	
Q8VCW8	Q8VCW8		Acsf2		176.396	203.8	223.2			
Q8VDD5	Q8VDD5		Myh9		166.577	402.883	261.315	66.807		349.239
Q8VDJ3	Q8VDJ3		Hdlbp		476.095	335.208	495.562	196.608	355.374	
Q8VDN2	Q8VDN2		Atp1a1		121.838		218.919	126.081		
Q8VEK3	Q8VEK3		Hnrnpu		192.931	161.617	313.335	462.611	368.921	
Q8VEM8	Q8VEM8		Slc25a3		165.12				456.943	
Q91V92	Q91V92		Acly		269.722	76.8184	277.779			
Q91VA0	Q91VA0		Acsm1		510.66	771.179	425.557	503.085	775.483	560.262
Q91VD9	Q91VD9		Ndufs1		337.697	114.418	332.851			
Q91VR2	Q91VR2		Atp5f1c		168.453	83.8011	43.3332	215.111		334.952
Q91VS7	Q91VS7		Mgst1		330.2	391.669	649.058	501.436	503.704	984.347
Q91W43	Q91W43		Gldc		130.062			152.661	240.931	
Q91WL5	Q91WL5		Cyp4a12a		179.01	408.027	243.329			
Q91WN4	Q91WN4		Kmo		177.094	388.079	47.7777			
Q91WU0	Q91WU0		Ces1f		379.853	344.31	367.249	505.241	816.718	
Q91X34	Q91X34		Baat		244.393	244.058	300.235	278.79	189.092	
Q91X77	Q91X77		Cyp2c50		86.285		197.415	328.7		
Q91X83	Q91X83		Mat1a		294.187	259.085	288.244	416.889	347.775	587.171
Q91XD4	Q91XD4		Ftcd		305.488	317.785	76.1875	260.835		
Q91XE0	Q91XE0		Glyat		408.42	425.353	421.32	392.046	420.359	
Q91Y97	Q91Y97		Aldob		939.14	847.499	763.789	924.088	953.149	761.951
Q91YI0	Q91YI0		Asl		132.766	200.651	243.145			
Q91YQ5	Q91YQ5		Rpn1		476.511	331.118	408.653	650.104	446.447	441.778
Q91YR1	Q91YR1		Twf1		64.6356	209.14				
Q91Z53	Q91Z53		Grhpr		263.838					
Q91ZJ5	Q91ZJ5		Ugp2		324.012	398.513	389.137	262.328	154.938	
Q920E5	Q920E5		Fdps		207.757	199.997	175.041			
Q921G7	Q921G7		Etfdh		276.333	144.795	197.87	249.847		
Q922D8	Q922D8		Mthfd1		306.776	357.165	472.002		203.357	
Q922F4	Q922F4		Tubb6			235.444		121.435		
Q922Q1	Q922Q1		Marc2		95.506	242.429				
Q922R8	Q922R8		Pdia6		307.644	429.742	417.623	388.493	124.175	258.322
Q923D2	Q923D2		Blvrb		422.26	321.957	355.04	299.72	596.193	302.321
Q93092	Q93092		Taldo1		350.345	411.024	452.219	314.572	323.744	
Q99J08	Q99J08		Sec14l2		337.989	386.706	359.274	573.546	110.154	737.16
Q99JY0	Q99JY0		Hadhb		750.218	505.584	847.987	825.182	490.733	1058.09
Q99K51	Q99K51		Pls3		197.733	156.629	235.555		344.831	
Q99K67	Q99K67		Aass		205.923	151.202	386.875		337.76	181.76
Q99KI0	Q99KI0		Aco2		236.126		444.442			
Q99LB2	Q99LB2		Dhrs4		42.2597					
Q99LB7	Q99LB7		Sardh		704.669	847.419	800.166	558.69	608.096	
Q99LC3	Q99LC3		Ndufa10		83.2563	251.781	86.5959	215.044		
Q99LC5	Q99LC5		Etfa		362.585	479.94	317.867	168.478	401.193	
Q99LD9	Q99LD9		Eif2b2			251.406		148.036		130.679
Q99LP6	Q99LP6		Grpel1		96.9513	116.945				
Q99MN9	Q99MN9		Pccb		306.674	374.118	278.889	401.314		
Q99MR8	Q99MR8		Mccc1		210.496	268.29	182.364			
Q99MZ7	Q99MZ7		Pecr		195.809	368.126				
Q99P30	Q99P30		Nudt7		684.208	761.431	788.953	674.948	655.353	862.35
Q99PG0	Q99PG0		Aadac		124.59					
Q9CPR4	Q9CPR4		Rpl17		143.144	185.055	105.804	326.314		
Q9CPX8	Q9CPX8		Uqcr11		105.104					
Q9CPY7	Q9CPY7		Lap3		313.762	353.842	244.856	169.1	454.839	
Q9CQ00	Q9CQ00		Dmac1		79.1892					
Q9CQ62	Q9CQ62		Decr1		286.349	479.245	151.785	867.609	229.492	
Q9CQN6	Q9CQN6		Tmem14c		510.649					
Q9CQQ7	Q9CQQ7		Atp5f1		365.921	217.461	420.171	422.819	496.055	148.701
Q9CQV8	Q9CQV8		Ywhab		136.301			203.551		
Q9CR62	Q9CR62		Slc25a11		159.357	91.5696				
Q9CR68	Q9CR68		Uqcrfs1		650.385	327.315	349.688	327.104	328.11	489.972
Q9CRB3	Q9CRB3		Urah		308.116	254.399	236.671	344.645		
Q9CVB6	Q9CVB6		Arpc2		51.3519				227.373	
Q9CW42	Q9CW42		Marc1		213.808	279.022	269.351	234.721		
Q9CXE7	Q9CXE7		Tmed5		217.886		170.488	352.383		
Q9CY50	Q9CY50		Ssr1		559.986	779.156	776.667	547.033	1290.47	976.326
Q9CY58	Q9CY58		Serbp1		146.38	41.9012	226.667	287.973		383.024
Q9CZ13	Q9CZ13		Uqcrc1		385.548					
Q9CZM2	Q9CZM2		Rpl15		159.817	520.768	207.779	187.356	114.441	
Q9CZN7	Q9CZN7		Shmt2		379.526		860.723		1230.2	
Q9CZU6	Q9CZU6		Cs		279.473	368.439	374.582	136.617	346.05	146.786
Q9D051	Q9D051		Pdhb		88.8186	281.855	180.327			
Q9D0F3	Q9D0F3		Lman1		166.055	262.8	186.243	97.3204		
Q9D0F9	Q9D0F9		Pgm1		342.826	338.21	420.622	277.673	246.94	284.738
Q9D0R2	Q9D0R2		Tars		155.827	906.812	143.889		213.725	
Q9D1D4	Q9D1D4		Tmed10		157.794	128.648	117.511			
Q9D1N9	Q9D1N9		Mrpl21		103.666					
Q9D2G2	Q9D2G2		Dlst		248.134	299.5				
Q9D6Y9	Q9D6Y9		Gbe1		78.6088	279.588	191.069			
Q9D819	Q9D819		Ppa1		257.462	295.779	303.253		273.763	
Q9D8E6	Q9D8E6		Rpl4		2116.46	1101.13	5755.86	3664.05	5161.98	3579.31
Q9D8T3	Q9D8T3		Rhebl1		421.406	511.026	642.484	305.623	514.365	764.523
Q9D8W5	Q9D8W5		Psmd12		157.895		96.6667	136.47	191.238	144.196
Q9DB20	Q9DB20		Atp5o		337.683	203.54	472.547		617.911	
Q9DB29	Q9DB29		Iah1		66.1469		142.644			
Q9DBA8	Q9DBA8		Amdhd1		478.722	815.578	503.608	512.338	301.159	300.409
Q9DBB8	Q9DBB8		Dhdh		257.24	265.372				
Q9DBE0	Q9DBE0		Csad		227.524	266.747	66.6647		152.084	
Q9DBF1	Q9DBF1		Aldh7a1		172.675	297.765	275.402			
Q9DBG1	Q9DBG1		Cyp27a1		235.17	302.216	104.362			235.857
Q9DBG3	Q9DBG3		Ap2b1		130.488	120.713				
Q9DBG6	Q9DBG6		Rpn2		238.045	106.748				
Q9DBN5	Q9DBN5		Lonp2		132.941	210.504	304.45		185.215	
Q9DBT9	Q9DBT9		Dmgdh		282.592	648.375	572.182	424.235		
Q9DBW0	Q9DBW0		Cyp4v2		141.099	140.668		123.749		
Q9DC50	Q9DC50		Crot		97.3398	223.062		51.0754	463.5	
Q9DC69	Q9DC69		Ndufa9		184.07	193.666	222.525	306.813		
Q9DCG6	Q9DCG6		Pbld1		139.039	137.506	238.394	290.767		
Q9DCN2	Q9DCN2		Cyb5r3		149.045	245.008	199.758	238.909		225.137
Q9DCS2	Q9DCS2		Mettl26		427.62	558.681	504.448	321.511		336.458
Q9DCS9	Q9DCS9		Ndufb10		22.0768		186.668		213.823	
Q9DCW4	Q9DCW4		Etfb		657.563	518.274	1523.47	1416.97	872.459	1711.15
Q9DCX2	Q9DCX2		Atp5h		876.309	757.645	765.322	434.376	553.794	527.444
Q9DD20	Q9DD20		Mettl7b		743.384	665.882	444.578	427.104		
Q9EQ20	Q9EQ20		Aldh6a1		245.783	478.257	336.106	349.744	367.379	
Q9EQF5	Q9EQF5		Dpys		338.803	302.186	311.396	490.067	401.59	
Q9EQH2	Q9EQH2		Erap1		98.8657					
Q9EQH3	Q9EQH3		Vps35		148.365		200.221	265.691	261.37	
Q9EQK5	Q9EQK5		Mvp		135.145			248.881		
Q9EQU5	Q9EQU5		Set		238.409	275.863	274.846	319.708		
Q9ERD7	Q9ERD7		Tubb3		194.371	165.607				
Q9ET01	Q9ET01		Pygl		607.224	653.694	628.048	872.75	482.111	572.476
Q9JHI5	Q9JHI5		Ivd		164.371	159.778	181.819	195.322		
Q9JHU4	Q9JHU4		Dync1h1		239.009	165.611	594.449	338.862	307.187	151.708
Q9JI75	Q9JI75		Nqo2		304.77	528.664	264.069	462.272		
Q9JII6	Q9JII6		Akr1a1		219.673	75.8208				
Q9JKR6	Q9JKR6		Hyou1		192.429	176.708	110.968	259.289		251.681
Q9JLJ2	Q9JLJ2		Aldh9a1		133.674		130.863			
Q9JLT4	Q9JLT4		Txnrd2		107.505	101.76	288.891			
Q9JMD3	Q9JMD3		Stard10		397.915	448.533	477.435	282.354	544.11	402.335
Q9QUM9	Q9QUM9		Psma6		198.927			264.263	177.053	408.55
Q9QXD6	Q9QXD6		Fbp1		776.653	1028.99	679.138	716.068	495.877	659.595
Q9QXF8	Q9QXF8		Gnmt		1832.81	1254.83	1509.4	1074.55	806.907	
Q9QXX4	Q9QXX4		Slc25a13		297.362	390.594	440.45	483.551		
Q9QYG0	Q9QYG0		Ndrg2		575.336	599.598	622.682	287.285	215.208	468.63
Q9QZ47	Q9QZ47		Tnnt3		110.581	78.4285	199.796		365.001	
Q9QZQ8	Q9QZQ8		H2afy		762.474	514.057	913.832	796.972	732.106	
Q9R0H0	Q9R0H0		Acox1		289.81	334.562	242.113	277.333	193.523	690.968
Q9R0P3	Q9R0P3		Esd		413.396	309.278	282.863	272.453	316.036	
Q9R0P5	Q9R0P5		Dstn		304.582	297.851	266.373	223.095	193.379	
Q9WTP6	Q9WTP6		Ak2		240.264	313.338	235.776		377.401	445.084
Q9WTP7	Q9WTP7		Ak3		402.185	119.719	204.449			
Q9WU79	Q9WU79		Prodh		277.879	188.555	386.668			
Q9WUZ9	Q9WUZ9		Entpd5		267.318	245.417			102.395	
Q9WV68	Q9WV68		Decr2		77.2694	173.591		173.482		265.862
Q9WVD5	Q9WVD5		Slc25a15		484.246	629.516	253.334	461.451		
Q9WVL0	Q9WVL0		Gstz1		1160.22	1209.62	1419.52	928.566	1232.81	668.281
Q9Z2I8	Q9Z2I8		Suclg2		205.664	256.968	392.126	287.036	262.518	
Q9Z2I9	Q9Z2I9		Sucla2		224.127	479.865	337.779	270.623	260.502	306.415
Q9Z2U0	Q9Z2U0		Psma7		284.454	204.55	304.391	406.566		
Q9Z2U1	Q9Z2U1		Psma5		214.467	182.245	227.017		145.655	
Q9Z2V4	Q9Z2V4		Pck1		211.534	459.285	215.538			
Q9Z2X1	Q9Z2X1		Hnrnpf		216.329	302.771	254.495			
Q9Z2Z6	Q9Z2Z6		Slc25a20		503.447	411.028	498.892	439.482	486.378	
